<?xml version="1.0" encoding="utf-8"?>
<extension version="2.5" type="plugin" group="system" method="upgrade">
	<name>System - Extended Filter for Joomshopping</name>
	<author>Andrey Miasoedov</author>
	<creationDate>Jan 2023</creationDate>
	<copyright></copyright>
	<authorEmail>molotow11@gmail.com</authorEmail>
	<authorUrl></authorUrl>
	<version>1.5.0</version>
	<license>http://www.gnu.org/licenses/gpl-2.0.html GNU/GPL</license>
	<description></description>
	<files>
		<folder>jsfilter</folder>
		<filename plugin="jsfilter">jsfilter.php</filename>
		<filename>index.html</filename>
	</files>
</extension>
